borrower,scenario,revenue,ebitda,ebitda_margin,carbon_cost,transition_capex,cfads,debt_service,dscr,interest_coverage,net_leverage,ebitda_change,credit_stress_multiplier,stressed_pd,stressed_lgd,ead,expected_credit_loss,ecl_rate,credit_flag
UpstreamCo,Current Policies-style,5000.0,1750.0,0.35,0.0,0.0,837.5,480,1.7447916666666667,9.722222222222221,1.4857142857142858,0.0,1,0.015,0.45,500,3.375,0.00675,Reference
UpstreamCo,Accelerated Transition,4275.0,1405.40625,0.32875,48.09375,213.75,330.8453125000001,480,0.6892610677083335,7.8078125,1.849998888221822,-0.19691071428571427,5,0.075,0.45,500,16.875,0.03375,Severe
UpstreamCo,Severe Transition,3375.0,1004.0625,0.2975,75.9375,337.5,-134.046875,480,-0.27926432291666664,5.578125,2.58948023653906,-0.42625,5,0.075,0.55,500,20.625,0.04125,Severe
IntegratedCo,Current Policies-style,12000.0,3000.0,0.25,0.0,0.0,1550.0,780,1.9871794871794872,9.090909090909092,1.5333333333333334,0.0,1,0.01,0.4,800,3.2,0.004,Reference
IntegratedCo,Accelerated Transition,10260.0,2393.145,0.23324999999999999,69.255,513.0,521.17325,780,0.6681708333333334,7.251954545454545,1.9221568271040828,-0.20228500000000005,5,0.05,0.45,800,18.000000000000004,0.022500000000000006,Severe
IntegratedCo,Severe Transition,8100.0,1672.65,0.20650000000000002,109.35,810.0,-388.24749999999995,780,-0.49775320512820503,5.068636363636364,2.7501270439123546,-0.44245,5,0.05,0.5,800,20.0,0.025,Severe
ServicesCo,Current Policies-style,3500.0,700.0,0.2,0.0,0.0,375.0,320,1.171875,5.0,2.2142857142857144,0.0,1,0.025,0.5,300,3.75,0.0125,Reference
ServicesCo,Accelerated Transition,2992.5,560.7196875000001,0.187375,7.8553125,149.625,106.98673437500008,320,0.3343335449218753,4.005140625,2.7643045795498304,-0.1989718749999999,5,0.125,0.5,300,18.75,0.0625,Severe
ServicesCo,Severe Transition,2362.5,389.221875,0.16475,12.403125,236.25,-125.41140624999997,320,-0.3919106445312499,2.78015625,3.9823044375396424,-0.44396875,5,0.125,0.6,300,22.5,0.075,Severe
